res_id,res_name,city_name,area,poc,cuisine
37495575,Aaswad Express,Mumbai,Andheri,Rajiv,Maharashtrian
37848835,Jimis Burger,Mumbai,Malad,Simran,Fast Food
37988541,Delhi Zaika,Mumbai,Bandra,Simran,North Indian
42278219,Banana Leaf ,Mumbai,Bandra,Simran,South Indian
38274987,Backyard Brew,Mumbai,Andheri,Rahul,Cafe
37495179,August Cafe,Mumbai,Andheri,Rahul,Cafe
39817143,Bhairav Misal,Mumbai,Bandra,Isha,Maharashtrian
38198091,Chai Point,Mumbai,Andheri,Rahul,Cafe
38925849,Anand Bhavan ,Mumbai,Bandra,Rajiv,South Indian
38328679,Urban Tadka,Mumbai,Bandra,Simran,North Indian
41022009,Joeys Pizza,Mumbai,Malad,Rahul,Pizza
38067419,Oven Story,Mumbai,Malad,Rajiv,Pizza
42703007,The Brooks Bistro,Mumbai,Malad,Isha,Cafe
38673377,Cafe Madras,Mumbai,Malad,Simran,South Indian
37494909,Subway,Mumbai,Andheri,Rajiv,Fast Food
38010541,Chaitanya,Mumbai,Bandra,Rajiv,Maharashtrian
40692965,Udipi Shri Krishna,Mumbai,Malad,Isha,South Indian